Timestamp,Temperature,Mode,OperationType
2025-09-10 17:45:56,64,AUTO,CONTINUOUS
2025-09-10 17:45:57,50,AUTO,CONTINUOUS
2025-09-10 17:45:58,48,AUTO,CONTINUOUS
2025-09-10 17:45:59,63,AUTO,CONTINUOUS
2025-09-10 17:46:00,57,AUTO,CONTINUOUS
2025-09-10 17:46:01,62,AUTO,CONTINUOUS
2025-09-10 17:46:02,51,AUTO,CONTINUOUS
2025-09-10 17:46:04,61,AUTO,CONTINUOUS
2025-09-10 17:46:05,45,AUTO,CONTINUOUS
2025-09-10 17:46:06,57,AUTO,CONTINUOUS
2025-09-10 17:46:07,59,AUTO,CONTINUOUS
2025-09-10 17:46:08,53,AUTO,CONTINUOUS
2025-09-10 17:46:09,40,AUTO,CONTINUOUS
2025-09-10 17:46:10,43,AUTO,CONTINUOUS
2025-09-10 17:46:11,63,AUTO,CONTINUOUS
2025-09-10 17:46:12,52,OFF,CONTINUOUS
2025-09-10 17:46:13,53,AUTO,CONTINUOUS
2025-09-10 17:46:14,41,OFF,CONTINUOUS
2025-09-10 17:46:15,52,OFF,CONTINUOUS
2025-09-10 17:46:16,46,OFF,CONTINUOUS
2025-09-10 17:46:17,57,OFF,CONTINUOUS
2025-09-10 17:46:18,58,OFF,CONTINUOUS
2025-09-10 17:46:19,55,OFF,CONTINUOUS
2025-09-10 17:46:20,57,OFF,CONTINUOUS
2025-09-10 17:46:21,40,OFF,CONTINUOUS
2025-09-10 17:46:22,65,OFF,CONTINUOUS
2025-09-10 17:46:23,44,OFF,CONTINUOUS
2025-09-10 17:46:24,53,OFF,CONTINUOUS
2025-09-10 17:46:25,61,OFF,CONTINUOUS
2025-09-10 17:46:26,62,OFF,CONTINUOUS
2025-09-10 17:46:27,54,OFF,CONTINUOUS
2025-09-10 17:46:28,62,OFF,CONTINUOUS
2025-09-10 17:46:29,52,OFF,CONTINUOUS
2025-09-10 17:46:30,40,OFF,CONTINUOUS
2025-09-10 17:46:31,50,OFF,CONTINUOUS
2025-09-10 17:46:32,43,OFF,CONTINUOUS
2025-09-10 17:46:33,64,OFF,CONTINUOUS
2025-09-10 17:46:34,53,OFF,CONTINUOUS
2025-09-10 17:46:35,59,OFF,CONTINUOUS
2025-09-10 17:46:36,50,OFF,CONTINUOUS
2025-09-10 17:46:37,65,OFF,CONTINUOUS
2025-09-10 17:46:38,65,OFF,CONTINUOUS
2025-09-10 17:46:39,42,OFF,CONTINUOUS
2025-09-10 17:46:40,43,OFF,CONTINUOUS
2025-09-10 17:46:42,56,OFF,CONTINUOUS
2025-09-10 17:46:43,47,OFF,CONTINUOUS
2025-09-10 17:46:44,50,OFF,CONTINUOUS
2025-09-10 17:46:45,65,OFF,CONTINUOUS
2025-09-10 17:46:46,44,OFF,CONTINUOUS
2025-09-10 17:46:47,55,OFF,CONTINUOUS
2025-09-10 17:46:48,43,OFF,CONTINUOUS
2025-09-10 17:46:49,41,OFF,CONTINUOUS
2025-09-10 17:46:50,63,OFF,CONTINUOUS
2025-09-10 17:46:51,52,OFF,CONTINUOUS
2025-09-10 17:46:52,48,OFF,CONTINUOUS
2025-09-10 17:46:53,58,OFF,CONTINUOUS
2025-09-10 17:46:54,44,OFF,CONTINUOUS
2025-09-10 17:46:55,42,OFF,CONTINUOUS
2025-09-10 17:46:56,41,OFF,CONTINUOUS
2025-09-10 17:46:57,63,OFF,CONTINUOUS
2025-09-10 17:46:58,57,OFF,CONTINUOUS
2025-09-10 17:46:59,53,OFF,CONTINUOUS
2025-09-10 17:47:00,62,OFF,CONTINUOUS
2025-09-10 17:47:01,40,OFF,CONTINUOUS
2025-09-10 17:47:02,52,OFF,CONTINUOUS
2025-09-10 17:47:03,54,OFF,CONTINUOUS
2025-09-10 17:47:04,41,OFF,CONTINUOUS
2025-09-10 17:47:05,45,OFF,CONTINUOUS
2025-09-10 17:47:06,51,OFF,CONTINUOUS
2025-09-10 17:47:07,47,OFF,CONTINUOUS
2025-09-10 17:47:08,55,OFF,CONTINUOUS
2025-09-10 17:47:09,57,OFF,CONTINUOUS
2025-09-10 17:47:10,60,OFF,CONTINUOUS
2025-09-10 17:47:11,49,OFF,CONTINUOUS
2025-09-10 17:47:12,56,OFF,CONTINUOUS
2025-09-10 17:47:13,44,OFF,CONTINUOUS
2025-09-10 17:47:14,40,OFF,CONTINUOUS
2025-09-10 17:47:15,63,OFF,CONTINUOUS
2025-09-10 17:47:16,45,OFF,CONTINUOUS
2025-09-10 17:47:17,61,OFF,CONTINUOUS
2025-09-10 17:47:18,41,OFF,CONTINUOUS
2025-09-10 17:47:19,43,OFF,CONTINUOUS
2025-09-10 17:47:20,47,OFF,CONTINUOUS
2025-09-10 17:47:21,61,OFF,CONTINUOUS
2025-09-10 17:47:22,55,OFF,CONTINUOUS
2025-09-10 17:47:23,40,OFF,CONTINUOUS
2025-09-10 17:47:24,48,OFF,CONTINUOUS
2025-09-10 17:47:25,54,OFF,CONTINUOUS
2025-09-10 17:47:26,60,OFF,CONTINUOUS
2025-09-10 17:47:27,50,OFF,CONTINUOUS
2025-09-10 17:47:28,42,OFF,CONTINUOUS
2025-09-10 17:47:29,42,OFF,CONTINUOUS
2025-09-10 17:47:30,55,OFF,CONTINUOUS
2025-09-10 17:47:31,61,OFF,CONTINUOUS
2025-09-10 17:47:32,41,OFF,CONTINUOUS
2025-09-10 17:47:33,51,OFF,CONTINUOUS
2025-09-10 17:47:34,41,OFF,CONTINUOUS
2025-09-10 17:47:35,43,OFF,CONTINUOUS
2025-09-10 17:47:36,43,OFF,CONTINUOUS
2025-09-10 17:47:37,61,OFF,CONTINUOUS
2025-09-10 17:47:38,56,OFF,CONTINUOUS
2025-09-10 17:47:39,65,OFF,CONTINUOUS
2025-09-10 17:47:40,62,OFF,CONTINUOUS
2025-09-10 17:47:41,61,OFF,CONTINUOUS
2025-09-10 17:47:42,41,OFF,CONTINUOUS
2025-09-10 17:47:43,48,OFF,CONTINUOUS
2025-09-10 17:47:44,47,OFF,CONTINUOUS
2025-09-10 17:47:45,59,OFF,CONTINUOUS
2025-09-10 17:47:46,57,OFF,CONTINUOUS
2025-09-10 17:47:47,41,OFF,CONTINUOUS
2025-09-10 17:47:48,54,OFF,CONTINUOUS
2025-09-10 17:47:49,48,OFF,CONTINUOUS
2025-09-10 17:47:50,41,OFF,CONTINUOUS
2025-09-10 17:47:51,57,OFF,CONTINUOUS
2025-09-10 17:47:52,50,OFF,CONTINUOUS
2025-09-10 17:47:53,52,OFF,CONTINUOUS
2025-09-10 17:47:54,40,OFF,CONTINUOUS
2025-09-10 17:47:55,58,OFF,CONTINUOUS
2025-09-10 17:47:56,59,OFF,CONTINUOUS
2025-09-10 17:47:57,57,OFF,CONTINUOUS
2025-09-10 17:47:58,40,OFF,CONTINUOUS
2025-09-10 17:47:59,59,OFF,CONTINUOUS
2025-09-10 17:48:00,65,OFF,CONTINUOUS
2025-09-10 17:48:01,40,OFF,CONTINUOUS
2025-09-10 17:48:02,42,OFF,CONTINUOUS
2025-09-10 17:48:03,64,OFF,CONTINUOUS
2025-09-10 17:48:04,63,OFF,CONTINUOUS
2025-09-10 17:48:05,45,OFF,CONTINUOUS
2025-09-10 17:48:06,60,OFF,CONTINUOUS
2025-09-10 17:48:07,55,OFF,CONTINUOUS
2025-09-10 17:48:08,65,OFF,CONTINUOUS
2025-09-10 17:48:09,52,OFF,CONTINUOUS
2025-09-10 17:48:10,56,OFF,CONTINUOUS
2025-09-10 17:48:11,54,OFF,CONTINUOUS
2025-09-10 17:48:12,56,OFF,CONTINUOUS
2025-09-10 17:48:13,54,OFF,CONTINUOUS
2025-09-10 17:48:14,41,OFF,CONTINUOUS
2025-09-10 17:48:15,57,OFF,CONTINUOUS
2025-09-10 17:48:16,62,OFF,CONTINUOUS
2025-09-10 17:48:17,40,OFF,CONTINUOUS
2025-09-10 17:48:18,61,OFF,CONTINUOUS
2025-09-10 17:48:19,50,OFF,CONTINUOUS
2025-09-10 17:48:20,56,OFF,CONTINUOUS
2025-09-10 17:48:21,55,OFF,CONTINUOUS
2025-09-10 17:48:22,50,OFF,CONTINUOUS
2025-09-10 17:48:23,44,OFF,CONTINUOUS
2025-09-10 17:48:24,63,OFF,CONTINUOUS
2025-09-10 17:48:25,49,OFF,CONTINUOUS
2025-09-10 17:48:26,47,OFF,CONTINUOUS
2025-09-10 17:48:27,62,OFF,CONTINUOUS
2025-09-10 17:48:28,63,OFF,CONTINUOUS
2025-09-10 17:48:29,59,OFF,CONTINUOUS
2025-09-10 17:48:30,40,OFF,CONTINUOUS
2025-09-10 17:48:31,45,OFF,CONTINUOUS
2025-09-10 17:48:32,63,OFF,CONTINUOUS
2025-09-10 17:48:33,44,OFF,CONTINUOUS
2025-09-10 17:48:34,57,OFF,CONTINUOUS
2025-09-10 17:48:35,42,OFF,CONTINUOUS
2025-09-10 17:48:37,59,OFF,CONTINUOUS
2025-09-10 17:48:38,63,OFF,CONTINUOUS
2025-09-10 17:48:39,49,OFF,CONTINUOUS
2025-09-10 17:48:40,52,OFF,CONTINUOUS
2025-09-10 17:48:40,50,OFF,CONTINUOUS
2025-09-10 17:48:42,64,OFF,CONTINUOUS
2025-09-10 17:48:42,55,OFF,CONTINUOUS
2025-09-10 17:48:43,64,OFF,CONTINUOUS
2025-09-10 17:48:45,57,OFF,CONTINUOUS
2025-09-10 17:48:46,43,OFF,CONTINUOUS
2025-09-10 17:48:47,62,OFF,CONTINUOUS
2025-09-10 17:48:47,63,OFF,CONTINUOUS
2025-09-10 17:48:48,41,OFF,CONTINUOUS
2025-09-10 17:48:49,65,OFF,CONTINUOUS
2025-09-10 17:48:51,56,OFF,CONTINUOUS
2025-09-10 17:48:52,50,OFF,CONTINUOUS
2025-09-10 17:48:53,50,OFF,CONTINUOUS
2025-09-10 17:48:54,60,OFF,CONTINUOUS
2025-09-10 17:48:55,48,OFF,CONTINUOUS
2025-09-10 17:48:56,64,OFF,CONTINUOUS
2025-09-10 17:48:57,65,OFF,CONTINUOUS
2025-09-10 17:48:58,58,OFF,CONTINUOUS
2025-09-10 17:48:59,40,OFF,CONTINUOUS
2025-09-10 17:49:00,52,OFF,CONTINUOUS
2025-09-10 17:49:01,47,OFF,CONTINUOUS
2025-09-10 17:49:02,50,OFF,CONTINUOUS
2025-09-10 17:49:03,43,OFF,CONTINUOUS
2025-09-10 17:49:04,61,OFF,CONTINUOUS
2025-09-10 17:49:05,46,OFF,CONTINUOUS
2025-09-10 17:49:06,57,OFF,CONTINUOUS
2025-09-10 17:49:07,59,OFF,CONTINUOUS
2025-09-10 17:49:08,42,OFF,CONTINUOUS
2025-09-10 17:49:09,52,OFF,CONTINUOUS
2025-09-10 17:49:10,58,OFF,CONTINUOUS
2025-09-10 17:49:11,56,OFF,CONTINUOUS
2025-09-10 17:49:12,54,OFF,CONTINUOUS
2025-09-10 17:49:13,45,OFF,CONTINUOUS
2025-09-10 17:49:14,64,OFF,CONTINUOUS
2025-09-10 17:49:15,54,OFF,CONTINUOUS
2025-09-10 17:49:16,53,OFF,CONTINUOUS
2025-09-10 17:49:17,49,OFF,CONTINUOUS
2025-09-10 17:49:18,61,OFF,CONTINUOUS
2025-09-10 17:49:19,46,OFF,CONTINUOUS
2025-09-10 17:49:20,50,OFF,CONTINUOUS
2025-09-10 17:49:21,52,OFF,CONTINUOUS
2025-09-10 17:49:22,50,OFF,CONTINUOUS
2025-09-10 17:49:23,57,OFF,CONTINUOUS
2025-09-10 17:49:24,54,OFF,CONTINUOUS
2025-09-10 17:49:25,43,OFF,CONTINUOUS
2025-09-10 17:49:26,64,OFF,CONTINUOUS
2025-09-10 17:49:27,51,OFF,CONTINUOUS
2025-09-10 17:49:28,52,OFF,CONTINUOUS
2025-09-10 17:49:29,54,OFF,CONTINUOUS
2025-09-10 17:49:30,64,OFF,CONTINUOUS
2025-09-10 17:49:31,47,OFF,CONTINUOUS
2025-09-10 17:49:32,63,OFF,CONTINUOUS
2025-09-10 17:49:33,48,OFF,CONTINUOUS
2025-09-10 17:49:34,48,OFF,CONTINUOUS
2025-09-10 17:49:35,53,OFF,CONTINUOUS
2025-09-10 17:49:36,65,OFF,CONTINUOUS
2025-09-10 17:49:37,48,OFF,CONTINUOUS
2025-09-10 17:49:38,53,OFF,CONTINUOUS
2025-09-10 17:49:39,47,OFF,CONTINUOUS
2025-09-10 17:49:40,51,OFF,CONTINUOUS
2025-09-10 17:49:41,43,OFF,CONTINUOUS
2025-09-10 17:49:42,50,OFF,CONTINUOUS
2025-09-10 17:49:43,52,OFF,CONTINUOUS
2025-09-10 17:49:44,40,OFF,CONTINUOUS
2025-09-10 17:49:45,47,OFF,CONTINUOUS
2025-09-10 17:49:46,52,OFF,CONTINUOUS
2025-09-10 17:49:47,57,OFF,CONTINUOUS
2025-09-10 17:49:48,40,OFF,CONTINUOUS
2025-09-10 17:49:49,44,OFF,CONTINUOUS
2025-09-10 17:49:50,58,OFF,CONTINUOUS
2025-09-10 17:49:51,46,OFF,CONTINUOUS
2025-09-10 17:49:52,65,OFF,CONTINUOUS
2025-09-10 17:49:53,50,OFF,CONTINUOUS
2025-09-10 17:49:54,47,OFF,CONTINUOUS
2025-09-10 17:49:55,52,OFF,CONTINUOUS
2025-09-10 17:49:56,50,OFF,CONTINUOUS
2025-09-10 17:49:57,55,OFF,CONTINUOUS
2025-09-10 17:49:58,53,OFF,CONTINUOUS
2025-09-10 17:49:59,42,OFF,CONTINUOUS
2025-09-10 17:50:00,60,OFF,CONTINUOUS
2025-09-10 17:50:01,49,OFF,CONTINUOUS
2025-09-10 17:50:02,59,OFF,CONTINUOUS
2025-09-10 17:50:03,63,OFF,CONTINUOUS
2025-09-10 17:50:04,64,OFF,CONTINUOUS
2025-09-10 17:50:05,59,OFF,CONTINUOUS
2025-09-10 17:50:06,63,OFF,CONTINUOUS
2025-09-10 17:50:07,59,OFF,CONTINUOUS
2025-09-10 17:50:08,57,OFF,CONTINUOUS
2025-09-10 17:50:09,62,OFF,CONTINUOUS
2025-09-10 17:50:10,42,OFF,CONTINUOUS
2025-09-10 17:50:11,52,OFF,CONTINUOUS
2025-09-10 17:50:12,54,OFF,CONTINUOUS
2025-09-10 17:50:13,61,OFF,CONTINUOUS
2025-09-10 17:50:14,52,OFF,CONTINUOUS
2025-09-10 17:50:15,42,OFF,CONTINUOUS
2025-09-10 17:50:16,50,OFF,CONTINUOUS
2025-09-10 17:50:17,60,OFF,CONTINUOUS
2025-09-10 17:50:18,54,OFF,CONTINUOUS
2025-09-10 17:50:19,63,OFF,CONTINUOUS
2025-09-10 17:50:20,60,OFF,CONTINUOUS
2025-09-10 17:50:21,51,OFF,CONTINUOUS
2025-09-10 17:50:22,59,OFF,CONTINUOUS
2025-09-10 17:50:23,57,OFF,CONTINUOUS
2025-09-10 17:50:24,59,OFF,CONTINUOUS
2025-09-10 17:50:25,44,OFF,CONTINUOUS
2025-09-10 17:50:26,42,OFF,CONTINUOUS
2025-09-10 17:50:27,49,OFF,CONTINUOUS
2025-09-10 17:50:28,52,OFF,CONTINUOUS
2025-09-10 17:50:29,62,OFF,CONTINUOUS
2025-09-10 17:50:30,52,OFF,CONTINUOUS
2025-09-10 17:50:31,60,OFF,CONTINUOUS
2025-09-10 17:50:32,56,OFF,CONTINUOUS
2025-09-10 17:50:33,50,OFF,CONTINUOUS
2025-09-10 17:50:34,46,OFF,CONTINUOUS
2025-09-10 17:50:35,45,OFF,CONTINUOUS
2025-09-10 17:50:36,62,OFF,CONTINUOUS
2025-09-10 17:50:37,43,OFF,CONTINUOUS
2025-09-10 17:50:38,50,OFF,CONTINUOUS
2025-09-10 17:50:39,44,OFF,CONTINUOUS
2025-09-10 17:50:40,44,OFF,CONTINUOUS
2025-09-10 17:50:41,59,OFF,CONTINUOUS
2025-09-10 17:50:42,55,OFF,CONTINUOUS
2025-09-10 17:50:43,56,OFF,CONTINUOUS
2025-09-10 17:50:44,62,OFF,CONTINUOUS
2025-09-10 17:50:45,44,OFF,CONTINUOUS
2025-09-10 17:50:46,52,OFF,CONTINUOUS
2025-09-10 17:50:47,53,OFF,CONTINUOUS
2025-09-10 17:50:48,56,OFF,CONTINUOUS
2025-09-10 17:50:49,60,OFF,CONTINUOUS
2025-09-10 17:50:50,62,OFF,CONTINUOUS
2025-09-10 17:50:51,45,OFF,CONTINUOUS
2025-09-10 17:50:52,58,OFF,CONTINUOUS
2025-09-10 17:50:53,45,OFF,CONTINUOUS
2025-09-10 17:50:54,63,OFF,CONTINUOUS
2025-09-10 17:50:55,59,OFF,CONTINUOUS
2025-09-10 17:50:56,46,OFF,CONTINUOUS
2025-09-10 17:50:57,62,OFF,CONTINUOUS
2025-09-10 17:50:58,46,OFF,CONTINUOUS
2025-09-10 17:50:59,48,OFF,CONTINUOUS
2025-09-10 17:51:00,63,OFF,CONTINUOUS
2025-09-10 17:51:01,43,OFF,CONTINUOUS
2025-09-10 17:51:02,60,OFF,CONTINUOUS
2025-09-10 17:51:03,65,OFF,CONTINUOUS
2025-09-10 17:51:04,43,OFF,CONTINUOUS
2025-09-10 17:51:05,42,OFF,PULSED
2025-09-10 17:51:06,59,OFF,PULSED
2025-09-10 17:51:07,45,OFF,CONTINUOUS
2025-09-10 17:51:08,58,OFF,CONTINUOUS
2025-09-10 17:51:09,57,OFF,PULSED
2025-09-10 17:51:10,61,OFF,CONTINUOUS
2025-09-10 17:51:11,41,OFF,PULSED
2025-09-10 17:51:12,58,OFF,CONTINUOUS
2025-09-10 17:51:13,42,OFF,CONTINUOUS
2025-09-10 17:51:14,61,OFF,PULSED
2025-09-10 17:51:15,50,OFF,PULSED
2025-09-10 17:51:16,61,OFF,CONTINUOUS
2025-09-10 17:51:17,54,OFF,PULSED
2025-09-10 17:51:18,62,OFF,CONTINUOUS
2025-09-10 17:51:19,46,OFF,CONTINUOUS
2025-09-10 17:51:20,58,OFF,CONTINUOUS
2025-09-10 17:51:21,55,OFF,CONTINUOUS
2025-09-10 17:51:22,40,OFF,CONTINUOUS
2025-09-10 17:51:23,43,OFF,CONTINUOUS
2025-09-10 17:51:24,43,OFF,CONTINUOUS
2025-09-10 17:51:25,44,OFF,CONTINUOUS
2025-09-10 17:51:26,58,OFF,CONTINUOUS
2025-09-10 17:51:27,64,OFF,CONTINUOUS
2025-09-10 17:51:28,54,OFF,CONTINUOUS
2025-09-10 17:51:29,50,OFF,CONTINUOUS
2025-09-10 17:51:30,49,OFF,CONTINUOUS
2025-09-10 17:51:31,65,OFF,CONTINUOUS
2025-09-10 17:51:32,47,OFF,CONTINUOUS
2025-09-10 17:51:33,53,OFF,CONTINUOUS
2025-09-10 17:51:34,58,OFF,CONTINUOUS
2025-09-10 17:51:35,43,OFF,CONTINUOUS
2025-09-10 17:51:36,43,OFF,CONTINUOUS
2025-09-10 17:51:37,45,OFF,CONTINUOUS
2025-09-10 17:51:38,45,OFF,CONTINUOUS
2025-09-10 17:51:39,55,OFF,CONTINUOUS
2025-09-10 17:51:40,47,OFF,CONTINUOUS
2025-09-10 17:51:41,44,OFF,CONTINUOUS
2025-09-10 17:51:42,59,OFF,CONTINUOUS
2025-09-10 17:51:43,41,OFF,CONTINUOUS
2025-09-10 17:51:44,61,OFF,CONTINUOUS
2025-09-10 17:51:45,64,OFF,CONTINUOUS
2025-09-10 17:51:46,59,OFF,CONTINUOUS
2025-09-10 17:51:47,61,OFF,CONTINUOUS
2025-09-10 17:51:48,56,OFF,CONTINUOUS
2025-09-10 17:51:49,53,OFF,CONTINUOUS
2025-09-10 17:51:50,40,OFF,CONTINUOUS
2025-09-10 17:51:51,56,OFF,CONTINUOUS
2025-09-10 17:51:52,55,OFF,CONTINUOUS
2025-09-10 17:51:53,54,OFF,CONTINUOUS
2025-09-10 17:51:54,40,OFF,CONTINUOUS
2025-09-10 17:51:55,42,OFF,CONTINUOUS
2025-09-10 17:51:56,42,OFF,CONTINUOUS
2025-09-10 17:51:57,60,OFF,CONTINUOUS
2025-09-10 17:51:58,47,OFF,CONTINUOUS
2025-09-10 17:51:59,63,OFF,CONTINUOUS
2025-09-10 17:52:00,60,OFF,CONTINUOUS
2025-09-10 17:52:01,57,OFF,CONTINUOUS
2025-09-10 17:52:02,41,OFF,CONTINUOUS
2025-09-10 17:52:03,61,OFF,CONTINUOUS
2025-09-10 17:52:04,52,OFF,CONTINUOUS
2025-09-10 17:52:05,55,OFF,CONTINUOUS
2025-09-10 17:52:06,47,OFF,CONTINUOUS
2025-09-10 17:52:07,50,OFF,CONTINUOUS
2025-09-10 17:52:08,61,OFF,CONTINUOUS
2025-09-10 17:52:09,53,OFF,CONTINUOUS
2025-09-10 17:52:10,62,OFF,CONTINUOUS
2025-09-10 17:52:11,48,OFF,CONTINUOUS
2025-09-10 17:52:12,46,OFF,CONTINUOUS
2025-09-10 17:52:13,45,OFF,CONTINUOUS
2025-09-10 17:52:14,61,OFF,CONTINUOUS
2025-09-10 17:52:15,60,OFF,CONTINUOUS
2025-09-10 17:52:16,41,OFF,CONTINUOUS
2025-09-10 17:52:17,58,OFF,CONTINUOUS
2025-09-10 17:52:18,49,OFF,CONTINUOUS
2025-09-10 17:52:19,41,OFF,CONTINUOUS
2025-09-10 17:52:20,56,OFF,CONTINUOUS
2025-09-10 17:52:21,58,OFF,CONTINUOUS
2025-09-10 17:52:22,40,OFF,CONTINUOUS
2025-09-10 17:52:23,45,OFF,CONTINUOUS
2025-09-10 17:52:24,58,OFF,CONTINUOUS
2025-09-10 17:52:25,52,OFF,CONTINUOUS
2025-09-10 17:52:26,62,OFF,CONTINUOUS
2025-09-10 17:52:27,62,OFF,CONTINUOUS
2025-09-10 17:52:28,41,OFF,CONTINUOUS
2025-09-10 17:52:29,42,OFF,CONTINUOUS
2025-09-10 17:52:30,60,OFF,CONTINUOUS
2025-09-10 17:52:31,55,OFF,CONTINUOUS
2025-09-10 17:52:32,62,OFF,CONTINUOUS
2025-09-10 17:52:33,51,OFF,CONTINUOUS
2025-09-10 17:52:34,53,OFF,CONTINUOUS
2025-09-10 17:52:35,42,OFF,CONTINUOUS
2025-09-10 17:52:36,63,OFF,CONTINUOUS
2025-09-10 17:52:37,42,OFF,CONTINUOUS
2025-09-10 17:52:38,43,OFF,CONTINUOUS
2025-09-10 17:52:39,41,OFF,CONTINUOUS
2025-09-10 17:52:40,64,OFF,CONTINUOUS
2025-09-10 17:52:41,44,OFF,CONTINUOUS
2025-09-10 17:52:42,45,OFF,CONTINUOUS
2025-09-10 17:52:43,40,OFF,CONTINUOUS
2025-09-10 17:52:44,61,OFF,CONTINUOUS
2025-09-10 17:52:45,61,OFF,CONTINUOUS
2025-09-10 17:52:46,41,OFF,CONTINUOUS
2025-09-10 17:52:47,62,OFF,CONTINUOUS
2025-09-10 17:52:48,57,OFF,CONTINUOUS
2025-09-10 17:52:49,56,OFF,CONTINUOUS
2025-09-10 17:52:50,47,OFF,CONTINUOUS
2025-09-10 17:52:51,41,OFF,CONTINUOUS
2025-09-10 17:52:52,53,OFF,CONTINUOUS
2025-09-10 17:52:53,63,OFF,CONTINUOUS
2025-09-10 17:52:54,52,OFF,CONTINUOUS
2025-09-10 17:52:55,43,OFF,CONTINUOUS
2025-09-10 17:52:56,54,OFF,CONTINUOUS
2025-09-10 17:52:57,53,OFF,CONTINUOUS
2025-09-10 17:52:58,60,OFF,CONTINUOUS
2025-09-10 17:52:59,51,OFF,CONTINUOUS
2025-09-10 17:53:00,58,OFF,CONTINUOUS
2025-09-10 17:53:01,59,OFF,CONTINUOUS
2025-09-10 17:53:02,57,OFF,CONTINUOUS
2025-09-10 17:53:03,53,OFF,CONTINUOUS
2025-09-10 17:53:04,57,OFF,CONTINUOUS
2025-09-10 17:53:05,58,OFF,CONTINUOUS
2025-09-10 17:53:06,58,OFF,CONTINUOUS
2025-09-10 17:53:07,51,OFF,CONTINUOUS
2025-09-10 17:53:08,50,OFF,CONTINUOUS
2025-09-10 17:53:09,49,OFF,CONTINUOUS
2025-09-10 17:53:10,51,OFF,CONTINUOUS
2025-09-10 17:53:11,52,OFF,CONTINUOUS
2025-09-10 17:53:12,49,OFF,CONTINUOUS
2025-09-10 17:53:13,47,OFF,CONTINUOUS
2025-09-10 17:53:14,45,OFF,CONTINUOUS
2025-09-10 17:53:15,53,OFF,CONTINUOUS
2025-09-10 17:53:16,58,OFF,CONTINUOUS
2025-09-10 17:53:17,43,OFF,CONTINUOUS
2025-09-10 17:53:18,49,OFF,CONTINUOUS
2025-09-10 17:53:19,43,OFF,CONTINUOUS
2025-09-10 17:53:20,65,OFF,CONTINUOUS
2025-09-10 17:53:21,52,OFF,CONTINUOUS
2025-09-10 17:53:22,54,OFF,CONTINUOUS
2025-09-10 17:53:23,41,OFF,CONTINUOUS
2025-09-10 17:53:24,57,OFF,CONTINUOUS
2025-09-10 17:53:25,65,OFF,CONTINUOUS
2025-09-10 17:53:26,43,OFF,CONTINUOUS
2025-09-10 17:53:27,58,OFF,CONTINUOUS
2025-09-10 17:53:28,62,OFF,CONTINUOUS
2025-09-10 17:53:29,49,OFF,CONTINUOUS
2025-09-10 17:53:30,56,OFF,CONTINUOUS
2025-09-10 17:53:31,64,OFF,CONTINUOUS
2025-09-10 17:53:32,63,OFF,CONTINUOUS
2025-09-10 17:53:33,65,OFF,CONTINUOUS
2025-09-10 17:53:34,45,OFF,CONTINUOUS
2025-09-10 17:53:35,61,OFF,CONTINUOUS
2025-09-10 17:53:36,57,OFF,CONTINUOUS
2025-09-10 17:53:37,43,OFF,CONTINUOUS
2025-09-10 17:53:38,59,OFF,CONTINUOUS
2025-09-10 17:53:39,65,OFF,CONTINUOUS
2025-09-10 17:53:40,52,OFF,CONTINUOUS
2025-09-10 17:53:41,53,OFF,CONTINUOUS
2025-09-10 17:53:42,45,OFF,CONTINUOUS
2025-09-10 17:53:43,46,OFF,CONTINUOUS
2025-09-10 17:53:44,62,OFF,CONTINUOUS
2025-09-10 17:53:45,64,OFF,CONTINUOUS
2025-09-10 17:53:46,53,OFF,CONTINUOUS
2025-09-10 17:53:47,65,OFF,CONTINUOUS
2025-09-10 17:53:48,51,OFF,CONTINUOUS
2025-09-10 17:53:49,59,OFF,CONTINUOUS
2025-09-10 17:53:50,53,OFF,CONTINUOUS
2025-09-10 17:53:51,45,OFF,CONTINUOUS
2025-09-10 17:53:52,61,OFF,CONTINUOUS
2025-09-10 17:53:53,52,OFF,CONTINUOUS
2025-09-10 17:53:54,50,OFF,CONTINUOUS
2025-09-10 17:53:55,54,OFF,CONTINUOUS
2025-09-10 17:53:56,42,OFF,CONTINUOUS
2025-09-10 17:53:57,55,OFF,CONTINUOUS
2025-09-10 17:53:58,53,OFF,CONTINUOUS
2025-09-10 17:53:59,45,OFF,CONTINUOUS
2025-09-10 17:54:00,40,OFF,CONTINUOUS
2025-09-10 17:54:01,50,OFF,CONTINUOUS
2025-09-10 17:54:02,56,OFF,CONTINUOUS
2025-09-10 17:54:03,61,OFF,CONTINUOUS
2025-09-10 17:54:04,62,OFF,CONTINUOUS
2025-09-10 17:54:05,65,OFF,CONTINUOUS
2025-09-10 17:54:06,51,OFF,CONTINUOUS
2025-09-10 17:54:07,48,OFF,CONTINUOUS
2025-09-10 17:54:08,54,OFF,CONTINUOUS
2025-09-10 17:54:09,62,OFF,CONTINUOUS
2025-09-10 17:54:10,53,OFF,CONTINUOUS
2025-09-10 17:54:11,55,OFF,CONTINUOUS
2025-09-10 17:54:12,60,OFF,CONTINUOUS
2025-09-10 17:54:13,63,OFF,CONTINUOUS
2025-09-10 17:54:14,59,OFF,CONTINUOUS
2025-09-10 17:54:15,40,OFF,CONTINUOUS
2025-09-10 17:54:16,49,OFF,CONTINUOUS
2025-09-10 17:54:17,50,OFF,CONTINUOUS
2025-09-10 17:54:18,58,OFF,CONTINUOUS
2025-09-10 17:54:19,47,OFF,CONTINUOUS
2025-09-10 17:54:20,43,OFF,CONTINUOUS
2025-09-10 17:54:21,49,OFF,CONTINUOUS
2025-09-10 17:54:22,45,OFF,CONTINUOUS
2025-09-10 17:54:23,63,OFF,CONTINUOUS
2025-09-10 17:54:24,49,OFF,CONTINUOUS
2025-09-10 17:54:25,41,OFF,CONTINUOUS
2025-09-10 17:54:26,47,OFF,CONTINUOUS
2025-09-10 17:54:27,47,OFF,CONTINUOUS
2025-09-10 17:54:28,46,OFF,CONTINUOUS
2025-09-10 17:54:29,40,OFF,CONTINUOUS
2025-09-10 17:54:30,58,OFF,CONTINUOUS
2025-09-10 17:54:31,52,OFF,CONTINUOUS
2025-09-10 17:54:32,44,OFF,CONTINUOUS
2025-09-10 17:54:33,57,OFF,CONTINUOUS
2025-09-10 17:54:34,54,OFF,CONTINUOUS
2025-09-10 17:54:35,62,OFF,CONTINUOUS
2025-09-10 17:54:36,49,OFF,CONTINUOUS
2025-09-10 17:54:37,62,OFF,CONTINUOUS
2025-09-10 17:54:38,51,OFF,CONTINUOUS
2025-09-10 17:54:39,48,OFF,CONTINUOUS
2025-09-10 17:54:40,63,OFF,CONTINUOUS
2025-09-10 17:54:41,41,OFF,CONTINUOUS
2025-09-10 17:54:42,42,OFF,CONTINUOUS
2025-09-10 17:54:43,46,OFF,CONTINUOUS
2025-09-10 17:54:44,42,OFF,CONTINUOUS
2025-09-10 17:54:45,58,OFF,CONTINUOUS
2025-09-10 17:54:46,45,OFF,CONTINUOUS
2025-09-10 17:54:47,46,OFF,CONTINUOUS
2025-09-10 17:54:48,53,OFF,CONTINUOUS
2025-09-10 17:54:49,41,OFF,CONTINUOUS
2025-09-10 17:54:50,59,OFF,CONTINUOUS
2025-09-10 17:54:51,53,OFF,CONTINUOUS
2025-09-10 17:54:52,56,OFF,CONTINUOUS
2025-09-10 17:54:53,56,OFF,CONTINUOUS
2025-09-10 17:54:54,53,OFF,CONTINUOUS
2025-09-10 17:54:55,60,OFF,CONTINUOUS
2025-09-10 17:54:56,63,OFF,CONTINUOUS
2025-09-10 17:54:57,63,OFF,CONTINUOUS
2025-09-10 17:54:58,51,OFF,CONTINUOUS
2025-09-10 17:54:59,42,OFF,CONTINUOUS
2025-09-10 17:55:00,40,OFF,CONTINUOUS
2025-09-10 17:55:01,57,OFF,CONTINUOUS
2025-09-10 17:55:02,42,OFF,CONTINUOUS
2025-09-10 17:55:03,55,OFF,CONTINUOUS
2025-09-10 17:55:04,58,OFF,CONTINUOUS
2025-09-10 17:55:05,63,OFF,CONTINUOUS
2025-09-10 17:55:06,51,OFF,CONTINUOUS
2025-09-10 17:55:07,56,OFF,CONTINUOUS
2025-09-10 17:55:08,62,OFF,CONTINUOUS
2025-09-10 17:55:09,58,OFF,CONTINUOUS
2025-09-10 17:55:10,51,OFF,CONTINUOUS
2025-09-10 17:55:11,53,OFF,CONTINUOUS
2025-09-10 17:55:12,60,OFF,CONTINUOUS
2025-09-10 17:55:13,42,OFF,CONTINUOUS
2025-09-10 17:55:14,63,OFF,CONTINUOUS
2025-09-10 17:55:15,64,OFF,CONTINUOUS
2025-09-10 17:55:16,62,OFF,CONTINUOUS
2025-09-10 17:55:17,60,OFF,CONTINUOUS
2025-09-10 17:55:18,53,OFF,CONTINUOUS
2025-09-10 17:55:19,49,OFF,CONTINUOUS
2025-09-10 17:55:20,58,OFF,CONTINUOUS
2025-09-10 17:55:21,41,OFF,CONTINUOUS
2025-09-10 17:55:22,42,OFF,CONTINUOUS
2025-09-10 17:55:23,59,OFF,CONTINUOUS
2025-09-10 17:55:24,59,OFF,CONTINUOUS
2025-09-10 17:55:25,57,OFF,CONTINUOUS
2025-09-10 17:55:26,58,OFF,CONTINUOUS
2025-09-10 17:55:27,41,OFF,CONTINUOUS
2025-09-10 17:55:28,48,OFF,CONTINUOUS
2025-09-10 17:55:29,57,OFF,CONTINUOUS
2025-09-10 17:55:30,57,OFF,CONTINUOUS
2025-09-10 17:55:31,53,OFF,CONTINUOUS
2025-09-10 17:55:32,62,OFF,CONTINUOUS
2025-09-10 17:55:33,51,OFF,CONTINUOUS
2025-09-10 17:55:34,44,OFF,CONTINUOUS
2025-09-10 17:55:35,64,OFF,CONTINUOUS
2025-09-10 17:55:36,57,OFF,CONTINUOUS
2025-09-10 17:55:37,57,OFF,CONTINUOUS
2025-09-10 17:55:38,56,OFF,CONTINUOUS
2025-09-10 17:55:39,64,OFF,CONTINUOUS
2025-09-10 17:55:40,61,OFF,CONTINUOUS
2025-09-10 17:55:41,49,OFF,CONTINUOUS
2025-09-10 17:55:42,47,OFF,CONTINUOUS
2025-09-10 17:55:43,63,OFF,CONTINUOUS
2025-09-10 17:55:44,65,OFF,CONTINUOUS
2025-09-10 17:55:45,41,OFF,CONTINUOUS
2025-09-10 17:55:46,42,OFF,CONTINUOUS
2025-09-10 17:55:47,41,OFF,CONTINUOUS
2025-09-10 17:55:48,44,OFF,CONTINUOUS
2025-09-10 17:55:49,46,OFF,CONTINUOUS
2025-09-10 17:55:50,46,OFF,CONTINUOUS
2025-09-10 17:55:51,49,OFF,CONTINUOUS
2025-09-10 17:55:52,40,OFF,CONTINUOUS
2025-09-10 17:55:53,65,OFF,CONTINUOUS
2025-09-10 17:55:54,56,OFF,CONTINUOUS
2025-09-10 17:55:55,65,OFF,CONTINUOUS
2025-09-10 17:55:56,50,OFF,CONTINUOUS
2025-09-10 17:55:57,46,OFF,CONTINUOUS
2025-09-10 17:55:58,47,OFF,CONTINUOUS
2025-09-10 17:55:59,47,OFF,CONTINUOUS
2025-09-10 17:56:00,55,OFF,CONTINUOUS
2025-09-10 17:56:01,49,OFF,CONTINUOUS
2025-09-10 17:56:02,48,OFF,CONTINUOUS
2025-09-10 17:56:03,64,OFF,CONTINUOUS
2025-09-10 17:56:04,59,OFF,CONTINUOUS
2025-09-10 17:56:05,45,OFF,CONTINUOUS
2025-09-10 17:56:06,45,OFF,CONTINUOUS
2025-09-10 17:56:07,58,OFF,CONTINUOUS
2025-09-10 17:56:08,49,OFF,CONTINUOUS
2025-09-10 17:56:09,41,OFF,CONTINUOUS
2025-09-10 17:56:10,60,OFF,CONTINUOUS
2025-09-10 17:56:11,56,OFF,CONTINUOUS
2025-09-10 17:56:12,59,OFF,CONTINUOUS
2025-09-10 17:56:13,60,OFF,CONTINUOUS
2025-09-10 17:56:14,62,OFF,CONTINUOUS
2025-09-10 17:56:15,62,OFF,CONTINUOUS
2025-09-10 17:56:16,59,OFF,CONTINUOUS
2025-09-10 17:56:17,41,OFF,CONTINUOUS
2025-09-10 17:56:18,46,OFF,CONTINUOUS
2025-09-10 17:56:19,43,OFF,CONTINUOUS
2025-09-10 17:56:20,51,OFF,CONTINUOUS
2025-09-10 17:56:21,45,OFF,CONTINUOUS
2025-09-10 17:56:22,51,OFF,CONTINUOUS
2025-09-10 17:56:23,58,OFF,CONTINUOUS
2025-09-10 17:56:24,59,OFF,CONTINUOUS
2025-09-10 17:56:25,63,OFF,CONTINUOUS
2025-09-10 17:56:26,57,OFF,CONTINUOUS
2025-09-10 17:56:27,60,OFF,CONTINUOUS
2025-09-10 17:56:28,53,OFF,CONTINUOUS
2025-09-10 17:56:29,60,OFF,CONTINUOUS
2025-09-10 17:56:30,64,OFF,CONTINUOUS
2025-09-10 17:56:31,48,OFF,CONTINUOUS
2025-09-10 17:56:32,54,OFF,CONTINUOUS
2025-09-10 17:56:33,60,OFF,CONTINUOUS
2025-09-10 17:56:34,54,OFF,CONTINUOUS
2025-09-10 17:56:35,60,OFF,CONTINUOUS
2025-09-10 17:56:36,63,OFF,CONTINUOUS
2025-09-10 17:56:37,47,OFF,CONTINUOUS
2025-09-10 17:56:38,59,OFF,CONTINUOUS
2025-09-10 17:56:39,45,OFF,CONTINUOUS
2025-09-10 17:56:40,56,OFF,CONTINUOUS
2025-09-10 17:56:41,53,OFF,CONTINUOUS
2025-09-10 17:56:42,58,OFF,CONTINUOUS
2025-09-10 17:56:43,55,OFF,CONTINUOUS
2025-09-10 17:56:44,42,OFF,CONTINUOUS
2025-09-10 17:56:45,48,OFF,CONTINUOUS
2025-09-10 17:56:46,59,OFF,CONTINUOUS
2025-09-10 17:56:47,54,OFF,CONTINUOUS
2025-09-10 17:56:48,46,OFF,CONTINUOUS
2025-09-10 17:56:49,53,OFF,CONTINUOUS
2025-09-10 17:56:50,65,OFF,CONTINUOUS
2025-09-10 17:56:51,49,OFF,CONTINUOUS
2025-09-10 17:56:52,40,OFF,CONTINUOUS
2025-09-10 17:56:53,59,OFF,CONTINUOUS
2025-09-10 17:56:54,52,OFF,CONTINUOUS
2025-09-10 17:56:55,41,OFF,CONTINUOUS
2025-09-10 17:56:56,54,OFF,CONTINUOUS
2025-09-10 17:56:57,56,OFF,CONTINUOUS
2025-09-10 17:56:58,61,OFF,CONTINUOUS
2025-09-10 17:56:59,59,OFF,CONTINUOUS
2025-09-10 17:57:00,49,OFF,CONTINUOUS
2025-09-10 17:57:01,60,OFF,CONTINUOUS
2025-09-10 17:57:02,46,OFF,CONTINUOUS
2025-09-10 17:57:03,63,OFF,CONTINUOUS
2025-09-10 17:57:04,40,OFF,CONTINUOUS
2025-09-10 17:57:05,44,OFF,CONTINUOUS
2025-09-10 17:57:06,44,OFF,CONTINUOUS
2025-09-10 17:57:07,41,OFF,CONTINUOUS
2025-09-10 17:57:08,40,OFF,CONTINUOUS
2025-09-10 17:57:09,59,OFF,CONTINUOUS
2025-09-10 17:57:10,58,OFF,CONTINUOUS
2025-09-10 17:57:11,50,OFF,CONTINUOUS
2025-09-10 17:57:12,48,OFF,CONTINUOUS
2025-09-10 17:57:13,57,OFF,CONTINUOUS
2025-09-10 17:57:14,59,OFF,CONTINUOUS
2025-09-10 17:57:15,46,OFF,CONTINUOUS
2025-09-10 17:57:16,49,OFF,CONTINUOUS
2025-09-10 17:57:17,55,OFF,CONTINUOUS
2025-09-10 17:57:18,43,OFF,CONTINUOUS
2025-09-10 17:57:19,49,OFF,CONTINUOUS
2025-09-10 17:57:20,42,OFF,CONTINUOUS
2025-09-10 17:57:21,63,OFF,CONTINUOUS
2025-09-10 17:57:22,43,OFF,CONTINUOUS
2025-09-10 17:57:23,45,OFF,CONTINUOUS
2025-09-10 17:57:24,63,OFF,CONTINUOUS
2025-09-10 17:57:25,45,OFF,CONTINUOUS
2025-09-10 17:57:26,48,OFF,CONTINUOUS
2025-09-10 17:57:27,63,OFF,CONTINUOUS
2025-09-10 17:57:28,62,OFF,CONTINUOUS
2025-09-10 17:57:29,42,OFF,CONTINUOUS
2025-09-10 17:57:30,52,OFF,CONTINUOUS
2025-09-10 17:57:31,62,OFF,CONTINUOUS
2025-09-10 17:57:32,53,OFF,CONTINUOUS
2025-09-10 17:57:33,48,OFF,CONTINUOUS
2025-09-10 17:57:35,43,OFF,CONTINUOUS
2025-09-10 17:57:36,44,OFF,CONTINUOUS
2025-09-10 17:57:37,60,OFF,CONTINUOUS
2025-09-10 17:57:38,51,OFF,CONTINUOUS
2025-09-10 17:57:39,40,OFF,CONTINUOUS
2025-09-10 17:57:40,45,OFF,CONTINUOUS
2025-09-10 17:57:41,45,OFF,CONTINUOUS
2025-09-10 17:57:42,63,OFF,CONTINUOUS
2025-09-10 17:57:43,50,OFF,CONTINUOUS
2025-09-10 17:57:44,52,OFF,CONTINUOUS
2025-09-10 17:57:45,55,OFF,CONTINUOUS
2025-09-10 17:57:46,59,OFF,CONTINUOUS
2025-09-10 17:57:47,54,OFF,CONTINUOUS
2025-09-10 17:57:48,63,OFF,CONTINUOUS
2025-09-10 17:57:49,56,OFF,CONTINUOUS
2025-09-10 17:57:50,48,OFF,CONTINUOUS
2025-09-10 17:57:51,45,OFF,CONTINUOUS
2025-09-10 17:57:52,53,OFF,CONTINUOUS
2025-09-10 17:57:53,60,OFF,CONTINUOUS
2025-09-10 17:57:54,58,OFF,CONTINUOUS
2025-09-10 17:57:55,48,OFF,CONTINUOUS
2025-09-10 17:57:56,65,OFF,CONTINUOUS
2025-09-10 17:57:57,42,OFF,CONTINUOUS
2025-09-10 17:57:58,46,OFF,CONTINUOUS
2025-09-10 17:57:59,54,OFF,CONTINUOUS
2025-09-10 17:58:00,43,OFF,CONTINUOUS
2025-09-10 17:58:01,53,OFF,CONTINUOUS
2025-09-10 17:58:02,55,OFF,CONTINUOUS
2025-09-10 17:58:03,48,OFF,CONTINUOUS
2025-09-10 17:58:04,52,OFF,CONTINUOUS
2025-09-10 17:58:05,55,OFF,CONTINUOUS
2025-09-10 17:58:06,45,OFF,CONTINUOUS
2025-09-10 17:58:07,62,OFF,CONTINUOUS
2025-09-10 17:58:08,52,OFF,CONTINUOUS
2025-09-10 17:58:09,45,OFF,CONTINUOUS
2025-09-10 17:58:10,64,OFF,CONTINUOUS
2025-09-10 17:58:11,51,OFF,CONTINUOUS
2025-09-10 17:58:12,49,OFF,CONTINUOUS
2025-09-10 17:58:13,44,OFF,CONTINUOUS
2025-09-10 17:58:15,45,OFF,CONTINUOUS
2025-09-10 17:58:16,52,OFF,CONTINUOUS
2025-09-10 17:58:17,46,OFF,CONTINUOUS
2025-09-10 17:58:18,51,OFF,CONTINUOUS
2025-09-10 17:58:19,42,OFF,CONTINUOUS
2025-09-10 17:58:20,57,OFF,CONTINUOUS
2025-09-10 17:58:21,44,OFF,CONTINUOUS
2025-09-10 17:58:22,43,OFF,CONTINUOUS
2025-09-10 17:58:23,61,OFF,CONTINUOUS
2025-09-10 17:58:24,54,OFF,CONTINUOUS
2025-09-10 17:58:25,42,OFF,CONTINUOUS
2025-09-10 17:58:26,50,OFF,CONTINUOUS
2025-09-10 17:58:27,62,OFF,CONTINUOUS
2025-09-10 17:58:28,45,OFF,CONTINUOUS
2025-09-10 17:58:29,46,OFF,CONTINUOUS
2025-09-10 17:58:30,46,OFF,CONTINUOUS
2025-09-10 17:58:31,62,OFF,CONTINUOUS
2025-09-10 17:58:32,61,OFF,CONTINUOUS
2025-09-10 17:58:33,63,OFF,CONTINUOUS
2025-09-10 17:58:34,46,OFF,CONTINUOUS
2025-09-10 17:58:35,51,OFF,CONTINUOUS
2025-09-10 17:58:36,64,OFF,CONTINUOUS
2025-09-10 17:58:37,65,OFF,CONTINUOUS
2025-09-10 17:58:38,49,OFF,CONTINUOUS
2025-09-10 17:58:39,42,OFF,CONTINUOUS
2025-09-10 17:58:40,57,OFF,CONTINUOUS
2025-09-10 17:58:41,50,OFF,CONTINUOUS
2025-09-10 17:58:42,65,OFF,CONTINUOUS
2025-09-10 17:58:43,40,OFF,CONTINUOUS
2025-09-10 17:58:44,52,OFF,CONTINUOUS
2025-09-10 17:58:45,47,OFF,CONTINUOUS
2025-09-10 17:58:46,48,OFF,CONTINUOUS
2025-09-10 17:58:47,41,OFF,CONTINUOUS
2025-09-10 17:58:48,52,OFF,CONTINUOUS
2025-09-10 17:58:49,54,OFF,CONTINUOUS
2025-09-10 17:58:50,60,OFF,CONTINUOUS
2025-09-10 17:58:51,45,OFF,CONTINUOUS
2025-09-10 17:58:52,49,OFF,CONTINUOUS
2025-09-10 17:58:53,48,OFF,CONTINUOUS
2025-09-10 17:58:54,56,OFF,CONTINUOUS
2025-09-10 17:58:55,46,OFF,CONTINUOUS
2025-09-10 17:58:56,59,OFF,CONTINUOUS
2025-09-10 17:58:57,55,OFF,CONTINUOUS
2025-09-10 17:58:58,62,OFF,CONTINUOUS
2025-09-10 17:58:59,64,OFF,CONTINUOUS
2025-09-10 17:59:00,50,OFF,CONTINUOUS
2025-09-10 17:59:01,41,OFF,CONTINUOUS
2025-09-10 17:59:02,54,OFF,CONTINUOUS
2025-09-10 17:59:03,52,OFF,CONTINUOUS
2025-09-10 17:59:04,53,OFF,CONTINUOUS
2025-09-10 17:59:05,53,OFF,CONTINUOUS
2025-09-10 17:59:06,48,OFF,CONTINUOUS
2025-09-10 17:59:07,46,OFF,CONTINUOUS
2025-09-10 17:59:08,57,OFF,CONTINUOUS
2025-09-10 17:59:09,45,OFF,CONTINUOUS
2025-09-10 17:59:10,63,OFF,CONTINUOUS
2025-09-10 17:59:11,64,OFF,CONTINUOUS
2025-09-10 17:59:12,46,OFF,CONTINUOUS
2025-09-10 17:59:13,63,OFF,CONTINUOUS
2025-09-10 17:59:14,59,OFF,CONTINUOUS
2025-09-10 17:59:15,48,OFF,CONTINUOUS
2025-09-10 17:59:16,65,OFF,CONTINUOUS
2025-09-10 17:59:17,49,OFF,CONTINUOUS
2025-09-10 17:59:18,40,OFF,CONTINUOUS
2025-09-10 17:59:19,64,OFF,CONTINUOUS
2025-09-10 17:59:20,45,OFF,CONTINUOUS
2025-09-10 17:59:21,58,OFF,CONTINUOUS
2025-09-10 17:59:22,60,OFF,CONTINUOUS
2025-09-10 17:59:23,43,OFF,CONTINUOUS
2025-09-10 17:59:24,63,OFF,CONTINUOUS
2025-09-10 17:59:25,65,OFF,CONTINUOUS
2025-09-10 17:59:26,45,OFF,CONTINUOUS
2025-09-10 17:59:27,57,OFF,CONTINUOUS
2025-09-10 17:59:28,41,OFF,CONTINUOUS
2025-09-10 17:59:29,61,OFF,CONTINUOUS
2025-09-10 17:59:30,58,OFF,CONTINUOUS
2025-09-10 17:59:31,43,OFF,CONTINUOUS
2025-09-10 17:59:32,48,OFF,CONTINUOUS
2025-09-10 17:59:33,59,OFF,CONTINUOUS
2025-09-10 17:59:34,63,OFF,CONTINUOUS
2025-09-10 17:59:35,52,OFF,CONTINUOUS
2025-09-10 17:59:36,51,OFF,CONTINUOUS
2025-09-10 17:59:37,52,OFF,CONTINUOUS
2025-09-10 17:59:38,57,OFF,CONTINUOUS
2025-09-10 17:59:39,53,OFF,CONTINUOUS
2025-09-10 17:59:40,59,OFF,CONTINUOUS
2025-09-10 17:59:41,48,OFF,CONTINUOUS
2025-09-10 17:59:42,65,OFF,CONTINUOUS
2025-09-10 17:59:43,54,OFF,CONTINUOUS
2025-09-10 17:59:44,64,OFF,CONTINUOUS
2025-09-10 17:59:45,63,OFF,CONTINUOUS
2025-09-10 17:59:46,59,OFF,CONTINUOUS
2025-09-10 17:59:47,57,OFF,CONTINUOUS
2025-09-10 17:59:48,63,OFF,CONTINUOUS
2025-09-10 17:59:49,65,OFF,CONTINUOUS
2025-09-10 17:59:50,63,OFF,CONTINUOUS
2025-09-10 17:59:51,45,OFF,CONTINUOUS
2025-09-10 17:59:52,65,OFF,CONTINUOUS
2025-09-10 17:59:53,44,OFF,CONTINUOUS
2025-09-10 17:59:54,61,OFF,CONTINUOUS
2025-09-10 17:59:55,40,OFF,CONTINUOUS
2025-09-10 17:59:56,42,OFF,CONTINUOUS
2025-09-10 17:59:57,47,OFF,CONTINUOUS
2025-09-10 17:59:58,43,OFF,CONTINUOUS
2025-09-10 17:59:59,63,OFF,CONTINUOUS
2025-09-10 18:00:00,41,OFF,CONTINUOUS
2025-09-10 18:00:02,59,OFF,CONTINUOUS
2025-09-10 18:00:03,53,OFF,CONTINUOUS
2025-09-10 18:00:05,47,OFF,CONTINUOUS
2025-09-10 18:00:06,48,OFF,CONTINUOUS
2025-09-10 18:00:07,65,OFF,CONTINUOUS
2025-09-10 18:00:08,46,OFF,CONTINUOUS
2025-09-10 18:00:09,48,OFF,CONTINUOUS
2025-09-10 18:00:10,45,OFF,CONTINUOUS
2025-09-10 18:00:11,42,OFF,CONTINUOUS
2025-09-10 18:00:12,49,OFF,CONTINUOUS
2025-09-10 18:00:13,44,OFF,CONTINUOUS
2025-09-10 18:00:14,65,OFF,CONTINUOUS
2025-09-10 18:00:15,45,OFF,CONTINUOUS
2025-09-10 18:00:16,50,OFF,CONTINUOUS
2025-09-10 18:00:17,61,OFF,CONTINUOUS
2025-09-10 18:00:18,43,OFF,CONTINUOUS
2025-09-10 18:00:19,59,OFF,CONTINUOUS
2025-09-10 18:00:20,45,OFF,CONTINUOUS
2025-09-10 18:00:21,61,OFF,CONTINUOUS
2025-09-10 18:00:22,57,OFF,CONTINUOUS
2025-09-10 18:00:23,60,OFF,CONTINUOUS
2025-09-10 18:00:24,51,OFF,CONTINUOUS
2025-09-10 18:00:25,63,OFF,CONTINUOUS
2025-09-10 18:00:26,44,OFF,CONTINUOUS
2025-09-10 18:00:27,51,OFF,CONTINUOUS
2025-09-10 18:00:28,52,OFF,CONTINUOUS
2025-09-10 18:00:30,41,OFF,CONTINUOUS
2025-09-10 18:00:31,43,OFF,CONTINUOUS
2025-09-10 18:00:32,57,OFF,CONTINUOUS
2025-09-10 18:00:33,44,OFF,CONTINUOUS
2025-09-10 18:00:34,63,OFF,CONTINUOUS
2025-09-10 18:00:35,54,OFF,CONTINUOUS
2025-09-10 18:00:36,65,OFF,CONTINUOUS
2025-09-10 18:00:37,52,OFF,CONTINUOUS
2025-09-10 18:00:38,60,OFF,CONTINUOUS
2025-09-10 18:00:39,45,OFF,CONTINUOUS
2025-09-10 18:00:40,63,OFF,CONTINUOUS
2025-09-10 18:00:41,43,OFF,CONTINUOUS
2025-09-10 18:00:42,43,OFF,CONTINUOUS
2025-09-10 18:00:43,50,OFF,CONTINUOUS
2025-09-10 18:00:44,43,OFF,CONTINUOUS
2025-09-10 18:00:45,64,OFF,CONTINUOUS
2025-09-10 18:00:46,42,OFF,CONTINUOUS
2025-09-10 18:00:47,63,OFF,CONTINUOUS
2025-09-10 18:00:48,63,OFF,CONTINUOUS
2025-09-10 18:00:49,41,OFF,CONTINUOUS
2025-09-10 18:00:50,63,OFF,CONTINUOUS
2025-09-10 18:00:51,54,OFF,CONTINUOUS
2025-09-10 18:00:52,46,OFF,CONTINUOUS
2025-09-10 18:00:53,49,OFF,CONTINUOUS
2025-09-10 18:00:54,41,OFF,CONTINUOUS
2025-09-10 18:00:55,48,OFF,CONTINUOUS
2025-09-10 18:00:56,45,OFF,CONTINUOUS
2025-09-10 18:00:57,54,OFF,CONTINUOUS
2025-09-10 18:00:58,61,OFF,CONTINUOUS
2025-09-10 18:00:59,59,OFF,CONTINUOUS
2025-09-10 18:01:00,56,OFF,CONTINUOUS
2025-09-10 18:01:01,46,OFF,CONTINUOUS
2025-09-10 18:01:02,64,OFF,CONTINUOUS
2025-09-10 18:01:03,54,OFF,CONTINUOUS
2025-09-10 18:01:04,45,OFF,CONTINUOUS
2025-09-10 18:01:05,65,OFF,CONTINUOUS
2025-09-10 18:01:06,52,OFF,CONTINUOUS
2025-09-10 18:01:07,61,OFF,CONTINUOUS
2025-09-10 18:01:08,49,OFF,CONTINUOUS
2025-09-10 18:01:09,52,OFF,CONTINUOUS
2025-09-10 18:01:10,64,OFF,CONTINUOUS
2025-09-10 18:01:11,55,OFF,CONTINUOUS
2025-09-10 18:01:12,40,OFF,CONTINUOUS
2025-09-10 18:01:13,55,OFF,CONTINUOUS
2025-09-10 18:01:14,59,OFF,CONTINUOUS
2025-09-10 18:01:15,46,OFF,CONTINUOUS
2025-09-10 18:01:16,43,OFF,CONTINUOUS
2025-09-10 18:01:17,62,OFF,CONTINUOUS
2025-09-10 18:01:18,52,OFF,CONTINUOUS
2025-09-10 18:01:19,61,OFF,CONTINUOUS
2025-09-10 18:01:20,65,OFF,CONTINUOUS
2025-09-10 18:01:21,62,OFF,CONTINUOUS
2025-09-10 18:01:22,61,OFF,CONTINUOUS
2025-09-10 18:01:23,42,OFF,CONTINUOUS
2025-09-10 18:01:24,44,OFF,CONTINUOUS
2025-09-10 18:01:25,54,OFF,CONTINUOUS
2025-09-10 18:01:26,47,OFF,CONTINUOUS
2025-09-10 18:01:27,55,OFF,CONTINUOUS
2025-09-10 18:01:28,61,OFF,CONTINUOUS
2025-09-10 18:01:29,55,OFF,CONTINUOUS
2025-09-10 18:01:30,40,OFF,CONTINUOUS
2025-09-10 18:01:31,63,OFF,CONTINUOUS
2025-09-10 18:01:32,58,OFF,CONTINUOUS
2025-09-10 18:01:33,51,OFF,CONTINUOUS
2025-09-10 18:01:34,58,OFF,CONTINUOUS
2025-09-10 18:01:35,43,OFF,CONTINUOUS
2025-09-10 18:01:36,50,OFF,CONTINUOUS
2025-09-10 18:01:37,58,OFF,CONTINUOUS
2025-09-10 18:01:38,51,OFF,CONTINUOUS
2025-09-10 18:01:39,55,OFF,CONTINUOUS
2025-09-10 18:01:40,62,OFF,CONTINUOUS
2025-09-10 18:01:41,54,OFF,CONTINUOUS
2025-09-10 18:01:42,63,OFF,CONTINUOUS
2025-09-10 18:01:43,59,OFF,CONTINUOUS
2025-09-10 18:01:44,58,OFF,CONTINUOUS
2025-09-10 18:01:45,55,OFF,CONTINUOUS
2025-09-10 18:01:46,57,OFF,CONTINUOUS
2025-09-10 18:01:47,63,OFF,CONTINUOUS
2025-09-10 18:01:48,45,OFF,CONTINUOUS
2025-09-10 18:01:49,43,OFF,CONTINUOUS
2025-09-10 18:01:50,48,OFF,CONTINUOUS
2025-09-10 18:01:51,52,OFF,CONTINUOUS
2025-09-10 18:01:52,44,OFF,CONTINUOUS
2025-09-10 18:01:53,40,OFF,CONTINUOUS
2025-09-10 18:01:54,47,OFF,CONTINUOUS
2025-09-10 18:01:55,64,OFF,CONTINUOUS
2025-09-10 18:01:56,65,OFF,CONTINUOUS
2025-09-10 18:01:57,61,OFF,CONTINUOUS
2025-09-10 18:01:58,59,OFF,CONTINUOUS
2025-09-10 18:01:59,65,OFF,CONTINUOUS
2025-09-10 18:02:00,65,OFF,CONTINUOUS
2025-09-10 18:02:01,47,OFF,CONTINUOUS
2025-09-10 18:02:02,45,OFF,CONTINUOUS
2025-09-10 18:02:03,59,OFF,CONTINUOUS
2025-09-10 18:02:04,59,OFF,CONTINUOUS
2025-09-10 18:02:05,45,OFF,CONTINUOUS
2025-09-10 18:02:06,63,OFF,CONTINUOUS
2025-09-10 18:02:07,42,OFF,CONTINUOUS
2025-09-10 18:02:08,53,OFF,CONTINUOUS
2025-09-10 18:02:09,65,OFF,CONTINUOUS
2025-09-10 18:02:10,44,OFF,CONTINUOUS
2025-09-10 18:02:11,64,OFF,CONTINUOUS
2025-09-10 18:02:12,52,OFF,CONTINUOUS
2025-09-10 18:02:13,56,OFF,CONTINUOUS
2025-09-10 18:02:14,46,OFF,CONTINUOUS
2025-09-10 18:02:15,41,OFF,CONTINUOUS
2025-09-10 18:02:16,44,OFF,CONTINUOUS
2025-09-10 18:02:17,43,OFF,CONTINUOUS
2025-09-10 18:02:18,63,OFF,CONTINUOUS
2025-09-10 18:02:19,40,OFF,CONTINUOUS
2025-09-10 18:02:20,57,OFF,CONTINUOUS
2025-09-10 18:02:21,63,OFF,CONTINUOUS
2025-09-10 18:02:22,41,OFF,CONTINUOUS
2025-09-10 18:02:23,55,OFF,CONTINUOUS
2025-09-10 18:02:24,41,OFF,CONTINUOUS
2025-09-10 18:02:25,52,OFF,CONTINUOUS
2025-09-10 18:02:26,62,OFF,CONTINUOUS
2025-09-10 18:02:27,55,OFF,CONTINUOUS
2025-09-10 18:02:29,54,OFF,CONTINUOUS
2025-09-10 18:02:30,50,OFF,CONTINUOUS
2025-09-10 18:02:31,65,OFF,CONTINUOUS
2025-09-10 18:02:32,65,OFF,CONTINUOUS
2025-09-10 18:02:33,55,OFF,CONTINUOUS
2025-09-10 18:02:34,49,OFF,CONTINUOUS
2025-09-10 18:02:35,57,OFF,CONTINUOUS
2025-09-10 18:02:36,47,OFF,CONTINUOUS
2025-09-10 18:02:37,47,OFF,CONTINUOUS
2025-09-10 18:02:38,51,OFF,CONTINUOUS
2025-09-10 18:02:39,60,OFF,CONTINUOUS
2025-09-10 18:02:40,60,OFF,CONTINUOUS
2025-09-10 18:02:41,51,OFF,CONTINUOUS
2025-09-10 18:02:42,53,OFF,CONTINUOUS
2025-09-10 18:02:43,45,OFF,CONTINUOUS
2025-09-10 18:02:44,55,OFF,CONTINUOUS
2025-09-10 18:02:45,41,OFF,CONTINUOUS
2025-09-10 18:02:46,57,OFF,CONTINUOUS
2025-09-10 18:02:47,56,OFF,CONTINUOUS
2025-09-10 18:02:48,54,OFF,CONTINUOUS
2025-09-10 18:02:49,54,OFF,CONTINUOUS
2025-09-10 18:02:50,60,OFF,CONTINUOUS
2025-09-10 18:02:51,40,OFF,CONTINUOUS
2025-09-10 18:02:52,45,OFF,CONTINUOUS
2025-09-10 18:02:53,56,OFF,CONTINUOUS
2025-09-10 18:02:54,49,OFF,CONTINUOUS
2025-09-10 18:02:55,49,OFF,CONTINUOUS
2025-09-10 18:02:56,53,OFF,CONTINUOUS
2025-09-10 18:02:57,41,OFF,CONTINUOUS
2025-09-10 18:02:58,55,OFF,CONTINUOUS
2025-09-10 18:02:59,46,OFF,CONTINUOUS
2025-09-10 18:03:00,47,OFF,CONTINUOUS
2025-09-10 18:03:01,48,OFF,CONTINUOUS
2025-09-10 18:03:02,44,OFF,CONTINUOUS
2025-09-10 18:03:03,62,OFF,CONTINUOUS
2025-09-10 18:03:04,54,OFF,CONTINUOUS
2025-09-10 18:03:05,56,OFF,CONTINUOUS
2025-09-10 18:03:06,54,OFF,CONTINUOUS
2025-09-10 18:03:07,43,OFF,CONTINUOUS
2025-09-10 18:03:08,50,OFF,CONTINUOUS
2025-09-10 18:03:09,42,OFF,CONTINUOUS
2025-09-10 18:03:10,63,OFF,CONTINUOUS
2025-09-10 18:03:11,54,OFF,CONTINUOUS
2025-09-10 18:03:12,49,OFF,CONTINUOUS
2025-09-10 18:03:13,45,OFF,CONTINUOUS
2025-09-10 18:03:14,51,OFF,CONTINUOUS
2025-09-10 18:03:15,43,OFF,CONTINUOUS
2025-09-10 18:03:16,59,OFF,CONTINUOUS
2025-09-10 18:03:17,56,OFF,CONTINUOUS
2025-09-10 18:03:18,46,OFF,CONTINUOUS
2025-09-10 18:03:19,63,OFF,CONTINUOUS
2025-09-10 18:03:20,65,OFF,CONTINUOUS
2025-09-10 18:03:21,60,OFF,CONTINUOUS
2025-09-10 18:03:22,56,OFF,CONTINUOUS
2025-09-10 18:03:23,63,OFF,CONTINUOUS
2025-09-10 18:03:24,49,OFF,CONTINUOUS
2025-09-10 18:03:25,43,OFF,CONTINUOUS
2025-09-10 18:03:26,60,OFF,CONTINUOUS
2025-09-10 18:03:27,49,OFF,CONTINUOUS
2025-09-10 18:03:28,64,OFF,CONTINUOUS
2025-09-10 18:03:29,55,OFF,CONTINUOUS
2025-09-10 18:03:30,60,OFF,CONTINUOUS
2025-09-10 18:03:31,50,OFF,CONTINUOUS
2025-09-10 18:03:32,48,OFF,CONTINUOUS
2025-09-10 18:03:33,49,OFF,CONTINUOUS
2025-09-10 18:03:34,57,OFF,CONTINUOUS
2025-09-10 18:03:35,54,OFF,CONTINUOUS
2025-09-10 18:03:36,57,OFF,CONTINUOUS
2025-09-10 18:03:37,65,OFF,CONTINUOUS
2025-09-10 18:03:38,52,OFF,CONTINUOUS
2025-09-10 18:03:39,41,OFF,CONTINUOUS
2025-09-10 18:03:40,51,OFF,CONTINUOUS
2025-09-10 18:03:41,63,OFF,CONTINUOUS
2025-09-10 18:03:42,51,OFF,CONTINUOUS
2025-09-10 18:03:43,48,OFF,CONTINUOUS
2025-09-10 18:03:44,44,OFF,CONTINUOUS
2025-09-10 18:03:45,46,OFF,CONTINUOUS
2025-09-10 18:03:46,41,OFF,CONTINUOUS
2025-09-10 18:03:47,51,OFF,CONTINUOUS
2025-09-10 18:03:48,45,OFF,CONTINUOUS
2025-09-10 18:03:49,59,OFF,CONTINUOUS
2025-09-10 18:03:50,40,OFF,CONTINUOUS
2025-09-10 18:03:51,57,OFF,CONTINUOUS
2025-09-10 18:03:52,52,OFF,CONTINUOUS
2025-09-10 18:03:53,65,OFF,CONTINUOUS
2025-09-10 18:03:54,65,OFF,CONTINUOUS
2025-09-10 18:03:55,48,OFF,CONTINUOUS
2025-09-10 18:03:56,42,OFF,CONTINUOUS
2025-09-10 18:03:57,64,OFF,CONTINUOUS
2025-09-10 18:03:58,59,OFF,CONTINUOUS
2025-09-10 18:03:59,58,OFF,CONTINUOUS
2025-09-10 18:04:00,40,OFF,CONTINUOUS
2025-09-10 18:04:01,60,OFF,CONTINUOUS
2025-09-10 18:04:02,45,OFF,CONTINUOUS
2025-09-10 18:04:03,46,OFF,CONTINUOUS
2025-09-10 18:04:04,43,OFF,CONTINUOUS
2025-09-10 18:04:05,41,OFF,CONTINUOUS
2025-09-10 18:04:06,62,OFF,CONTINUOUS
2025-09-10 18:04:07,62,OFF,CONTINUOUS
2025-09-10 18:04:08,60,OFF,CONTINUOUS
2025-09-10 18:04:09,50,OFF,CONTINUOUS
2025-09-10 18:04:10,51,OFF,CONTINUOUS
2025-09-10 18:04:11,53,OFF,CONTINUOUS
2025-09-10 18:04:12,48,OFF,CONTINUOUS
2025-09-10 18:04:13,63,OFF,CONTINUOUS
2025-09-10 18:04:14,44,OFF,CONTINUOUS
2025-09-10 18:04:15,54,OFF,CONTINUOUS
2025-09-10 18:04:16,57,OFF,CONTINUOUS
2025-09-10 18:04:17,58,OFF,CONTINUOUS
2025-09-10 18:04:18,53,OFF,CONTINUOUS
2025-09-10 18:04:19,43,OFF,CONTINUOUS
2025-09-10 18:04:20,54,OFF,CONTINUOUS
2025-09-10 18:04:21,50,OFF,CONTINUOUS
2025-09-10 18:04:22,63,OFF,CONTINUOUS
2025-09-10 18:04:23,48,OFF,CONTINUOUS
2025-09-10 18:04:24,65,OFF,CONTINUOUS
2025-09-10 18:04:25,56,OFF,CONTINUOUS
2025-09-10 18:04:26,60,OFF,CONTINUOUS
2025-09-10 18:04:27,56,OFF,CONTINUOUS
2025-09-10 18:04:28,64,OFF,CONTINUOUS
2025-09-10 18:04:29,56,OFF,CONTINUOUS
2025-09-10 18:04:30,42,OFF,CONTINUOUS
2025-09-10 18:04:31,63,OFF,CONTINUOUS
2025-09-10 18:04:32,49,OFF,CONTINUOUS
2025-09-10 18:04:33,62,OFF,CONTINUOUS
2025-09-10 18:04:34,40,OFF,CONTINUOUS
2025-09-10 18:04:35,40,OFF,CONTINUOUS
2025-09-10 18:04:36,47,OFF,CONTINUOUS
2025-09-10 18:04:37,52,OFF,CONTINUOUS
2025-09-10 18:04:38,51,OFF,CONTINUOUS
2025-09-10 18:04:39,48,OFF,CONTINUOUS
2025-09-10 18:04:40,61,OFF,CONTINUOUS
2025-09-10 18:04:41,49,OFF,CONTINUOUS
2025-09-10 18:04:42,40,OFF,CONTINUOUS
2025-09-10 18:04:43,64,OFF,CONTINUOUS
2025-09-10 18:04:44,45,OFF,CONTINUOUS
2025-09-10 18:04:45,55,OFF,CONTINUOUS
2025-09-10 18:04:46,52,OFF,CONTINUOUS
2025-09-10 18:04:47,63,OFF,CONTINUOUS
2025-09-10 18:04:48,42,OFF,CONTINUOUS
2025-09-10 18:04:49,50,OFF,CONTINUOUS
2025-09-10 18:04:50,54,OFF,CONTINUOUS
2025-09-10 18:04:51,55,OFF,CONTINUOUS
2025-09-10 18:04:52,56,OFF,CONTINUOUS
2025-09-10 18:04:53,42,OFF,CONTINUOUS
2025-09-10 18:04:54,41,OFF,CONTINUOUS
2025-09-10 18:04:55,56,OFF,CONTINUOUS
2025-09-10 18:04:56,42,OFF,CONTINUOUS
2025-09-10 18:04:57,57,OFF,CONTINUOUS
2025-09-10 18:04:58,64,OFF,CONTINUOUS
2025-09-10 18:04:59,44,OFF,CONTINUOUS
2025-09-10 18:05:00,56,OFF,CONTINUOUS
2025-09-10 18:05:01,52,OFF,CONTINUOUS
2025-09-10 18:05:02,44,OFF,CONTINUOUS
2025-09-10 18:05:03,49,OFF,CONTINUOUS
2025-09-10 18:05:04,64,OFF,CONTINUOUS
2025-09-10 18:05:05,63,OFF,CONTINUOUS
2025-09-10 18:05:06,46,OFF,CONTINUOUS
2025-09-10 18:05:07,50,OFF,CONTINUOUS
2025-09-10 18:05:08,41,OFF,CONTINUOUS
2025-09-10 18:05:09,64,OFF,CONTINUOUS
2025-09-10 18:05:10,45,OFF,CONTINUOUS
2025-09-10 18:05:11,60,OFF,CONTINUOUS
2025-09-10 18:05:12,48,OFF,CONTINUOUS
2025-09-10 18:05:13,48,OFF,CONTINUOUS
2025-09-10 18:05:14,59,OFF,CONTINUOUS
2025-09-10 18:05:15,51,OFF,CONTINUOUS
2025-09-10 18:05:16,65,OFF,CONTINUOUS
2025-09-10 18:05:17,43,OFF,CONTINUOUS
2025-09-10 18:05:18,64,OFF,CONTINUOUS
2025-09-10 18:05:19,50,OFF,CONTINUOUS
2025-09-10 18:05:20,53,OFF,CONTINUOUS
2025-09-10 18:05:22,49,OFF,CONTINUOUS
2025-09-10 18:05:23,45,OFF,CONTINUOUS
2025-09-10 18:05:24,48,OFF,CONTINUOUS
2025-09-10 18:05:25,61,OFF,CONTINUOUS
2025-09-10 18:05:26,49,OFF,CONTINUOUS
2025-09-10 18:05:27,45,OFF,CONTINUOUS
2025-09-10 18:05:28,48,OFF,CONTINUOUS
2025-09-10 18:05:29,56,OFF,CONTINUOUS
2025-09-10 18:05:30,46,OFF,CONTINUOUS
2025-09-10 18:05:31,57,OFF,CONTINUOUS
2025-09-10 18:05:32,42,OFF,CONTINUOUS
2025-09-10 18:05:33,52,OFF,CONTINUOUS
2025-09-10 18:05:34,57,OFF,CONTINUOUS
2025-09-10 18:05:35,58,OFF,CONTINUOUS
2025-09-10 18:05:36,64,OFF,CONTINUOUS
2025-09-10 18:05:37,55,OFF,CONTINUOUS
2025-09-10 18:05:38,40,OFF,CONTINUOUS
2025-09-10 18:05:39,51,OFF,CONTINUOUS
2025-09-10 18:05:40,65,OFF,CONTINUOUS
2025-09-10 18:05:41,64,OFF,CONTINUOUS
2025-09-10 18:05:42,62,OFF,CONTINUOUS
2025-09-10 18:05:43,41,OFF,CONTINUOUS
2025-09-10 18:05:44,58,OFF,CONTINUOUS
2025-09-10 18:05:45,46,OFF,CONTINUOUS
2025-09-10 18:05:46,51,OFF,CONTINUOUS
2025-09-10 18:05:47,44,OFF,CONTINUOUS
2025-09-10 18:05:48,65,OFF,CONTINUOUS
2025-09-10 18:05:49,41,OFF,CONTINUOUS
2025-09-10 18:05:50,40,OFF,CONTINUOUS
2025-09-10 18:05:51,45,OFF,CONTINUOUS
2025-09-10 18:05:52,42,OFF,CONTINUOUS
2025-09-10 18:05:53,49,OFF,CONTINUOUS
2025-09-10 18:05:54,44,OFF,CONTINUOUS
2025-09-10 18:05:55,55,OFF,CONTINUOUS
2025-09-10 18:05:56,47,OFF,CONTINUOUS
2025-09-10 18:05:57,60,OFF,CONTINUOUS
2025-09-10 18:05:58,57,OFF,CONTINUOUS
2025-09-10 18:05:59,64,OFF,CONTINUOUS
2025-09-10 18:06:00,60,OFF,CONTINUOUS
2025-09-10 18:06:01,56,OFF,CONTINUOUS
2025-09-10 18:06:02,51,OFF,CONTINUOUS
2025-09-10 18:06:03,55,OFF,CONTINUOUS
2025-09-10 18:06:04,61,OFF,CONTINUOUS
2025-09-10 18:06:05,64,OFF,CONTINUOUS
2025-09-10 18:06:06,62,OFF,CONTINUOUS
2025-09-10 18:06:07,55,OFF,CONTINUOUS
2025-09-10 18:06:08,65,OFF,CONTINUOUS
2025-09-10 18:06:09,54,OFF,CONTINUOUS
2025-09-10 18:06:10,52,OFF,CONTINUOUS
2025-09-10 18:06:11,61,OFF,CONTINUOUS
2025-09-10 18:06:12,41,OFF,CONTINUOUS
2025-09-10 18:06:13,54,OFF,CONTINUOUS
2025-09-10 18:06:14,61,OFF,CONTINUOUS
2025-09-10 18:06:15,64,OFF,CONTINUOUS
2025-09-10 18:06:16,60,OFF,CONTINUOUS
2025-09-10 18:06:17,64,OFF,CONTINUOUS
2025-09-10 18:06:18,62,OFF,CONTINUOUS
2025-09-10 18:06:19,63,OFF,CONTINUOUS
2025-09-10 18:06:20,50,OFF,CONTINUOUS
2025-09-10 18:06:21,44,OFF,CONTINUOUS
2025-09-10 18:06:22,41,OFF,CONTINUOUS
2025-09-10 18:06:23,49,OFF,CONTINUOUS
2025-09-10 18:06:24,64,OFF,CONTINUOUS
2025-09-10 18:06:25,61,OFF,CONTINUOUS
2025-09-10 18:06:26,49,OFF,CONTINUOUS
2025-09-10 18:06:27,51,OFF,CONTINUOUS
2025-09-10 18:06:28,49,OFF,CONTINUOUS
2025-09-10 18:06:29,56,OFF,CONTINUOUS
2025-09-10 18:06:30,51,OFF,CONTINUOUS
2025-09-10 18:06:31,61,OFF,CONTINUOUS
2025-09-10 18:06:32,50,OFF,CONTINUOUS
2025-09-10 18:06:33,46,OFF,CONTINUOUS
2025-09-10 18:06:34,51,OFF,CONTINUOUS
2025-09-10 18:06:35,46,OFF,CONTINUOUS
2025-09-10 18:06:36,47,OFF,CONTINUOUS
2025-09-10 18:06:37,41,OFF,CONTINUOUS
2025-09-10 18:06:38,63,OFF,CONTINUOUS
2025-09-10 18:06:39,60,OFF,CONTINUOUS
2025-09-10 18:06:40,63,OFF,CONTINUOUS
2025-09-10 18:06:41,61,OFF,CONTINUOUS
2025-09-10 18:06:42,61,OFF,CONTINUOUS
2025-09-10 18:06:43,62,OFF,CONTINUOUS
2025-09-10 18:06:44,63,OFF,CONTINUOUS
2025-09-10 18:06:45,56,OFF,CONTINUOUS
2025-09-10 18:06:46,42,OFF,CONTINUOUS
2025-09-10 18:06:47,54,OFF,CONTINUOUS
2025-09-10 18:06:48,65,OFF,CONTINUOUS
2025-09-10 18:06:49,65,OFF,CONTINUOUS
2025-09-10 18:06:50,60,OFF,CONTINUOUS
2025-09-10 18:06:51,60,OFF,CONTINUOUS
2025-09-10 18:06:52,46,OFF,CONTINUOUS
2025-09-10 18:06:53,65,OFF,CONTINUOUS
2025-09-10 18:06:54,41,OFF,CONTINUOUS
2025-09-10 18:06:55,59,OFF,CONTINUOUS
2025-09-10 18:06:56,60,OFF,CONTINUOUS
2025-09-10 18:06:57,44,OFF,CONTINUOUS
2025-09-10 18:06:58,50,OFF,CONTINUOUS
2025-09-10 18:06:59,52,OFF,CONTINUOUS
2025-09-10 18:07:00,52,OFF,CONTINUOUS
2025-09-10 18:07:01,42,OFF,CONTINUOUS
2025-09-10 18:07:02,65,OFF,CONTINUOUS
2025-09-10 18:07:03,64,OFF,CONTINUOUS
2025-09-10 18:07:04,48,OFF,CONTINUOUS
2025-09-10 18:07:05,62,OFF,CONTINUOUS
2025-09-10 18:07:06,63,OFF,CONTINUOUS
2025-09-10 18:07:07,57,OFF,CONTINUOUS
2025-09-10 18:07:08,52,OFF,CONTINUOUS
2025-09-10 18:07:09,55,OFF,CONTINUOUS
2025-09-10 18:07:10,56,OFF,CONTINUOUS
2025-09-10 18:07:11,63,OFF,CONTINUOUS
2025-09-10 18:07:12,46,OFF,CONTINUOUS
2025-09-10 18:07:13,44,OFF,CONTINUOUS
2025-09-10 18:07:14,60,OFF,CONTINUOUS
2025-09-10 18:07:15,59,OFF,CONTINUOUS
2025-09-10 18:07:16,65,OFF,CONTINUOUS
2025-09-10 18:07:17,50,OFF,CONTINUOUS
2025-09-10 18:07:18,65,OFF,CONTINUOUS
2025-09-10 18:07:19,55,OFF,CONTINUOUS
2025-09-10 18:07:20,50,OFF,CONTINUOUS
2025-09-10 18:07:21,59,OFF,CONTINUOUS
2025-09-10 18:07:22,62,OFF,CONTINUOUS
2025-09-10 18:07:23,50,OFF,CONTINUOUS
2025-09-10 18:07:24,46,OFF,CONTINUOUS
2025-09-10 18:07:25,52,OFF,CONTINUOUS
